timestamp,btc_price,up_token_price,down_token_price
2026-07-06T22:15:04Z,64362.01,,
2026-07-06T22:15:05Z,64362.01,0.46,0.54
2026-07-06T22:15:06Z,64362.01,0.46,0.54
2026-07-06T22:15:07Z,64362.01,0.46,0.54
2026-07-06T22:15:08Z,64362.01,0.46,0.54
2026-07-06T22:15:09Z,64362.01,0.46,0.54
2026-07-06T22:15:10Z,64362.01,0.46,0.54
2026-07-06T22:15:11Z,64362.01,0.46,0.54
2026-07-06T22:15:12Z,64362.01,0.46,0.54
2026-07-06T22:15:13Z,64362.01,0.46,0.54
2026-07-06T22:15:14Z,64357.20,0.46,0.54
2026-07-06T22:15:15Z,64357.19,0.46,0.54
2026-07-06T22:15:16Z,64357.19,0.46,0.54
2026-07-06T22:15:18Z,64357.19,0.46,0.54
2026-07-06T22:15:19Z,64357.19,0.43,0.56
2026-07-06T22:15:20Z,64340.59,0.41,0.59
2026-07-06T22:15:21Z,64340.00,0.41,0.59
2026-07-06T22:15:22Z,64337.43,0.41,0.59
2026-07-06T22:15:23Z,64337.43,0.41,0.59
2026-07-06T22:15:24Z,64337.43,0.41,0.59
2026-07-06T22:15:25Z,64337.43,0.41,0.59
2026-07-06T22:15:26Z,64337.43,0.40,0.60
2026-07-06T22:15:27Z,64337.43,0.40,0.60
2026-07-06T22:15:28Z,64337.42,0.40,0.60
2026-07-06T22:15:29Z,64337.42,0.40,0.60
2026-07-06T22:15:30Z,64337.42,0.40,0.60
2026-07-06T22:15:31Z,64337.43,0.40,0.60
2026-07-06T22:15:32Z,64337.43,0.40,0.60
2026-07-06T22:15:33Z,64337.43,0.40,0.60
2026-07-06T22:15:34Z,64337.43,0.40,0.60
2026-07-06T22:15:35Z,64337.43,0.40,0.60
2026-07-06T22:15:36Z,64337.42,0.40,0.60
2026-07-06T22:15:37Z,64337.42,0.40,0.60
2026-07-06T22:15:38Z,64337.42,0.40,0.60
2026-07-06T22:15:39Z,64341.99,0.41,0.58
2026-07-06T22:15:40Z,64341.99,0.42,0.57
2026-07-06T22:15:41Z,64343.66,0.42,0.57
2026-07-06T22:15:42Z,64343.65,0.42,0.57
2026-07-06T22:15:43Z,64343.65,0.42,0.57
2026-07-06T22:15:44Z,64343.65,0.42,0.57
2026-07-06T22:15:45Z,64343.66,0.43,0.56
2026-07-06T22:15:46Z,64343.66,0.46,0.55
2026-07-06T22:15:47Z,64356.10,0.46,0.54
2026-07-06T22:15:48Z,64356.10,0.46,0.54
2026-07-06T22:15:49Z,64356.11,0.50,0.50
2026-07-06T22:15:50Z,64356.11,0.46,0.54
2026-07-06T22:15:51Z,64356.11,0.46,0.55
2026-07-06T22:15:52Z,64356.10,0.45,0.56
2026-07-06T22:15:53Z,64356.10,0.45,0.56
2026-07-06T22:15:54Z,64356.10,0.43,0.56
2026-07-06T22:15:55Z,64356.10,0.43,0.56
2026-07-06T22:15:56Z,64356.10,0.43,0.56
2026-07-06T22:15:57Z,64356.10,0.43,0.56
2026-07-06T22:15:58Z,64356.10,0.43,0.56
2026-07-06T22:15:59Z,64356.10,0.43,0.56
2026-07-06T22:16:00Z,64356.11,0.43,0.56
2026-07-06T22:16:01Z,64356.11,0.43,0.56
2026-07-06T22:16:02Z,64356.11,0.43,0.56
2026-07-06T22:16:03Z,64356.10,0.50,0.50
2026-07-06T22:16:04Z,64356.10,0.43,0.56
2026-07-06T22:16:05Z,64356.11,0.43,0.56
2026-07-06T22:16:06Z,64356.11,0.46,0.55
2026-07-06T22:16:07Z,64356.11,0.46,0.55
2026-07-06T22:16:08Z,64356.10,0.46,0.54
2026-07-06T22:16:09Z,64356.10,0.46,0.54
2026-07-06T22:16:10Z,64356.11,0.46,0.54
2026-07-06T22:16:11Z,64356.11,0.46,0.54
2026-07-06T22:16:12Z,64356.11,0.46,0.54
2026-07-06T22:16:13Z,64362.03,0.46,0.54
2026-07-06T22:16:14Z,64362.03,0.46,0.54
2026-07-06T22:16:15Z,64346.01,0.45,0.55
2026-07-06T22:16:16Z,64346.01,0.41,0.59
2026-07-06T22:16:17Z,64346.00,0.41,0.59
2026-07-06T22:16:18Z,64346.01,0.41,0.59
2026-07-06T22:16:19Z,64346.01,0.41,0.59
2026-07-06T22:16:20Z,64346.01,0.41,0.59
2026-07-06T22:16:21Z,64346.00,0.40,0.60
2026-07-06T22:16:22Z,64346.00,0.40,0.60
2026-07-06T22:16:23Z,64346.01,0.40,0.60
2026-07-06T22:16:24Z,64346.01,0.40,0.60
2026-07-06T22:16:25Z,64346.01,0.40,0.60
2026-07-06T22:16:26Z,64346.01,0.41,0.59
2026-07-06T22:16:27Z,64346.01,0.41,0.59
2026-07-06T22:16:28Z,64346.01,0.41,0.59
2026-07-06T22:16:29Z,64346.00,0.41,0.59
2026-07-06T22:16:30Z,64344.01,0.41,0.59
2026-07-06T22:16:31Z,64344.01,0.41,0.59
2026-07-06T22:16:32Z,64344.01,0.41,0.59
2026-07-06T22:16:33Z,64341.18,0.41,0.59
2026-07-06T22:16:34Z,64340.00,0.41,0.59
2026-07-06T22:16:35Z,64340.00,0.41,0.59
2026-07-06T22:16:36Z,64340.01,0.41,0.59
2026-07-06T22:16:37Z,64340.01,0.41,0.58
2026-07-06T22:16:38Z,64343.12,0.41,0.58
2026-07-06T22:16:39Z,64343.13,0.43,0.56
2026-07-06T22:16:40Z,64343.13,0.43,0.56
2026-07-06T22:16:41Z,64345.99,0.43,0.56
2026-07-06T22:16:42Z,64347.99,0.50,0.50
2026-07-06T22:16:43Z,64347.99,0.46,0.55
2026-07-06T22:16:44Z,64347.99,0.46,0.55
2026-07-06T22:16:45Z,64348.00,0.46,0.55
2026-07-06T22:16:46Z,64347.99,0.46,0.55
2026-07-06T22:16:47Z,64354.00,0.46,0.54
2026-07-06T22:16:48Z,64354.00,0.46,0.54
2026-07-06T22:16:49Z,64354.00,0.46,0.54
2026-07-06T22:16:50Z,64354.00,0.46,0.54
2026-07-06T22:16:51Z,64369.99,0.52,0.48
2026-07-06T22:16:52Z,64369.99,0.52,0.48
2026-07-06T22:16:53Z,64369.99,0.52,0.48
2026-07-06T22:16:54Z,64369.99,0.52,0.48
2026-07-06T22:16:55Z,64369.99,0.52,0.48
2026-07-06T22:16:56Z,64369.99,0.52,0.48
2026-07-06T22:16:57Z,64369.99,0.51,0.49
2026-07-06T22:16:58Z,64369.99,0.51,0.49
2026-07-06T22:16:59Z,64369.99,0.51,0.49
2026-07-06T22:17:00Z,64370.00,0.51,0.49
2026-07-06T22:17:01Z,64366.00,0.51,0.49
2026-07-06T22:17:02Z,64366.00,0.51,0.49
2026-07-06T22:17:03Z,64366.00,0.51,0.49
2026-07-06T22:17:04Z,64366.01,0.51,0.49
2026-07-06T22:17:05Z,64366.00,0.51,0.49
2026-07-06T22:17:06Z,64366.00,0.49,0.51
2026-07-06T22:17:07Z,64360.02,0.49,0.51
2026-07-06T22:17:08Z,64360.01,0.49,0.51
2026-07-06T22:17:09Z,64360.01,0.49,0.51
2026-07-06T22:17:10Z,64360.01,0.49,0.51
2026-07-06T22:17:11Z,64360.01,0.48,0.52
2026-07-06T22:17:12Z,64360.01,0.46,0.54
2026-07-06T22:17:13Z,64359.97,0.46,0.54
2026-07-06T22:17:14Z,64359.96,0.46,0.54
2026-07-06T22:17:15Z,64359.96,0.46,0.54
2026-07-06T22:17:16Z,64358.00,0.46,0.54
2026-07-06T22:17:17Z,64358.00,0.46,0.55
2026-07-06T22:17:18Z,64358.01,0.46,0.55
2026-07-06T22:17:19Z,64358.01,0.46,0.55
2026-07-06T22:17:20Z,64363.99,0.47,0.53
2026-07-06T22:17:21Z,64365.29,0.48,0.52
2026-07-06T22:17:22Z,64365.29,0.49,0.51
2026-07-06T22:17:23Z,64365.29,0.49,0.51
2026-07-06T22:17:24Z,64365.28,0.49,0.51
2026-07-06T22:17:25Z,64365.31,0.49,0.51
2026-07-06T22:17:26Z,64366.00,0.49,0.51
2026-07-06T22:17:27Z,64366.00,0.49,0.51
2026-07-06T22:17:28Z,64366.00,0.49,0.51
2026-07-06T22:17:29Z,64368.00,0.51,0.49
2026-07-06T22:17:30Z,64368.00,0.51,0.49
2026-07-06T22:17:31Z,64368.00,0.51,0.49
2026-07-06T22:17:32Z,64368.00,0.51,0.49
2026-07-06T22:17:33Z,64369.36,0.51,0.49
2026-07-06T22:17:34Z,64369.99,0.51,0.49
2026-07-06T22:17:35Z,64369.98,0.51,0.49
2026-07-06T22:17:36Z,64369.98,0.51,0.49
2026-07-06T22:17:37Z,64369.98,0.51,0.49
2026-07-06T22:17:38Z,64369.98,0.52,0.48
2026-07-06T22:17:39Z,64369.99,0.52,0.48
2026-07-06T22:17:40Z,64369.98,0.52,0.48
2026-07-06T22:17:41Z,64369.99,0.52,0.48
2026-07-06T22:17:42Z,64369.99,0.52,0.48
2026-07-06T22:17:43Z,64369.98,0.52,0.48
2026-07-06T22:17:44Z,64369.98,0.52,0.48
2026-07-06T22:17:45Z,64369.98,0.52,0.48
2026-07-06T22:17:46Z,64369.99,0.52,0.48
2026-07-06T22:17:47Z,64369.99,0.52,0.48
2026-07-06T22:17:48Z,64369.98,0.53,0.47
2026-07-06T22:17:49Z,64369.98,0.53,0.47
2026-07-06T22:17:50Z,64369.98,0.53,0.47
2026-07-06T22:17:51Z,64371.31,0.53,0.47
2026-07-06T22:17:52Z,64371.31,0.53,0.47
2026-07-06T22:17:53Z,64371.31,0.53,0.47
2026-07-06T22:17:55Z,64371.32,0.53,0.47
2026-07-06T22:17:56Z,64375.22,0.55,0.46
2026-07-06T22:17:57Z,64375.22,0.55,0.46
2026-07-06T22:17:58Z,64376.00,0.55,0.46
2026-07-06T22:17:59Z,64376.00,0.56,0.45
2026-07-06T22:18:00Z,64376.00,0.56,0.45
2026-07-06T22:18:01Z,64376.00,0.56,0.45
2026-07-06T22:18:02Z,64375.99,0.56,0.45
2026-07-06T22:18:03Z,64376.00,0.56,0.45
2026-07-06T22:18:04Z,64375.99,0.56,0.45
2026-07-06T22:18:05Z,64375.99,0.57,0.42
2026-07-06T22:18:06Z,64380.00,0.57,0.42
2026-07-06T22:18:07Z,64380.94,0.57,0.42
2026-07-06T22:18:08Z,64389.99,0.60,0.40
2026-07-06T22:18:09Z,64394.14,0.62,0.38
2026-07-06T22:18:10Z,64394.14,0.62,0.38
2026-07-06T22:18:11Z,64394.13,0.62,0.38
2026-07-06T22:18:12Z,64399.99,0.65,0.35
2026-07-06T22:18:13Z,64437.99,0.66,0.34
2026-07-06T22:18:14Z,64455.99,0.74,0.26
2026-07-06T22:18:15Z,64455.99,0.78,0.23
2026-07-06T22:18:16Z,64475.33,0.81,0.18
2026-07-06T22:18:17Z,64468.00,0.80,0.21
2026-07-06T22:18:18Z,64468.01,0.80,0.21
2026-07-06T22:18:19Z,64468.01,0.80,0.21
2026-07-06T22:18:20Z,64468.00,0.80,0.21
2026-07-06T22:18:21Z,64468.00,0.80,0.21
2026-07-06T22:18:22Z,64456.01,0.79,0.21
2026-07-06T22:18:23Z,64452.00,0.78,0.23
2026-07-06T22:18:24Z,64440.37,0.76,0.24
2026-07-06T22:18:25Z,64440.37,0.74,0.26
2026-07-06T22:18:26Z,64440.37,0.73,0.27
2026-07-06T22:18:27Z,64440.36,0.73,0.27
2026-07-06T22:18:28Z,64427.18,0.70,0.29
2026-07-06T22:18:29Z,64427.17,0.50,0.50
2026-07-06T22:18:30Z,64427.17,0.70,0.29
2026-07-06T22:18:31Z,64427.18,0.71,0.29
2026-07-06T22:18:32Z,64436.00,0.74,0.26
2026-07-06T22:18:33Z,64430.93,0.72,0.28
2026-07-06T22:18:34Z,64430.93,0.73,0.27
2026-07-06T22:18:35Z,64430.93,0.72,0.28
2026-07-06T22:18:36Z,64430.01,0.72,0.28
2026-07-06T22:18:37Z,64430.00,0.72,0.28
2026-07-06T22:18:38Z,64430.00,0.72,0.28
2026-07-06T22:18:39Z,64430.00,0.72,0.28
2026-07-06T22:18:40Z,64430.00,0.72,0.28
2026-07-06T22:18:41Z,64430.00,0.72,0.28
2026-07-06T22:18:42Z,64432.00,0.73,0.27
2026-07-06T22:18:43Z,64432.00,0.74,0.26
2026-07-06T22:18:44Z,64432.00,0.74,0.26
2026-07-06T22:18:45Z,64436.00,0.74,0.26
2026-07-06T22:18:46Z,64436.00,0.76,0.24
2026-07-06T22:18:47Z,64435.99,0.76,0.24
2026-07-06T22:18:48Z,64435.99,0.76,0.24
2026-07-06T22:18:49Z,64439.99,0.76,0.24
2026-07-06T22:18:50Z,64439.99,0.77,0.23
2026-07-06T22:18:51Z,64439.99,0.77,0.23
2026-07-06T22:18:52Z,64439.99,0.76,0.24
2026-07-06T22:18:53Z,64439.99,0.76,0.24
2026-07-06T22:18:54Z,64440.00,0.76,0.24
2026-07-06T22:18:55Z,64440.00,0.76,0.24
2026-07-06T22:18:56Z,64440.00,0.79,0.21
2026-07-06T22:18:57Z,64447.49,0.79,0.21
2026-07-06T22:18:58Z,64447.49,0.79,0.21
2026-07-06T22:18:59Z,64447.49,0.79,0.21
2026-07-06T22:19:00Z,64447.50,0.79,0.21
2026-07-06T22:19:01Z,64447.49,0.79,0.21
2026-07-06T22:19:02Z,64444.01,0.77,0.23
2026-07-06T22:19:03Z,64444.01,0.77,0.23
2026-07-06T22:19:04Z,64444.01,0.76,0.24
2026-07-06T22:19:05Z,64444.00,0.76,0.24
2026-07-06T22:19:06Z,64440.29,0.76,0.24
2026-07-06T22:19:07Z,64440.29,0.74,0.26
2026-07-06T22:19:08Z,64440.29,0.74,0.26
2026-07-06T22:19:09Z,64440.29,0.74,0.26
2026-07-06T22:19:10Z,64440.29,0.76,0.24
2026-07-06T22:19:11Z,64435.98,0.76,0.24
2026-07-06T22:19:12Z,64435.99,0.76,0.24
2026-07-06T22:19:13Z,64432.00,0.72,0.28
2026-07-06T22:19:14Z,64432.00,0.72,0.28
2026-07-06T22:19:15Z,64432.01,0.72,0.28
2026-07-06T22:19:16Z,64432.01,0.72,0.28
2026-07-06T22:19:17Z,64432.00,0.50,0.50
2026-07-06T22:19:18Z,64430.00,0.72,0.28
2026-07-06T22:19:19Z,64430.01,0.72,0.28
2026-07-06T22:19:20Z,64430.01,0.72,0.28
2026-07-06T22:19:21Z,64430.01,0.73,0.27
2026-07-06T22:19:22Z,64430.00,0.73,0.27
2026-07-06T22:19:23Z,64430.00,0.73,0.27
2026-07-06T22:19:24Z,64430.00,0.74,0.26
2026-07-06T22:19:25Z,64430.00,0.74,0.26
2026-07-06T22:19:26Z,64430.00,0.73,0.27
2026-07-06T22:19:27Z,64430.01,0.73,0.27
2026-07-06T22:19:28Z,64430.00,0.73,0.27
2026-07-06T22:19:29Z,64430.00,0.73,0.27
2026-07-06T22:19:30Z,64430.00,0.69,0.32
2026-07-06T22:19:31Z,64414.50,0.69,0.32
2026-07-06T22:19:32Z,64414.49,0.69,0.32
2026-07-06T22:19:33Z,64414.50,0.69,0.32
2026-07-06T22:19:34Z,64410.01,0.68,0.33
2026-07-06T22:19:35Z,64410.01,0.67,0.34
2026-07-06T22:19:36Z,64404.67,0.65,0.35
2026-07-06T22:19:37Z,64402.00,0.64,0.36
2026-07-06T22:19:38Z,64398.00,0.64,0.36
2026-07-06T22:19:39Z,64398.00,0.64,0.36
2026-07-06T22:19:40Z,64398.01,0.64,0.36
2026-07-06T22:19:41Z,64398.01,0.64,0.36
2026-07-06T22:19:42Z,64394.01,0.62,0.38
2026-07-06T22:19:43Z,64394.00,0.60,0.40
2026-07-06T22:19:44Z,64390.36,0.60,0.40
2026-07-06T22:19:45Z,64390.31,0.60,0.40
2026-07-06T22:19:46Z,64390.31,0.60,0.40
2026-07-06T22:19:47Z,64386.01,0.58,0.41
2026-07-06T22:19:48Z,64382.03,0.57,0.42
2026-07-06T22:19:49Z,64382.04,0.56,0.43
2026-07-06T22:19:50Z,64380.01,0.56,0.43
2026-07-06T22:19:51Z,64380.01,0.56,0.43
2026-07-06T22:19:52Z,64380.01,0.56,0.45
2026-07-06T22:19:53Z,64380.00,0.56,0.45
2026-07-06T22:19:54Z,64380.00,0.56,0.45
2026-07-06T22:19:55Z,64380.00,0.56,0.45
2026-07-06T22:19:56Z,64378.00,0.56,0.45
2026-07-06T22:19:57Z,64378.00,0.56,0.45
2026-07-06T22:19:58Z,64378.01,0.56,0.45
2026-07-06T22:19:59Z,64372.01,0.52,0.48
2026-07-06T22:20:00Z,64367.99,0.51,0.49
2026-07-06T22:20:01Z,64366.01,0.49,0.51
2026-07-06T22:20:02Z,64366.01,0.48,0.52
2026-07-06T22:20:03Z,64359.06,0.47,0.53
2026-07-06T22:20:04Z,64356.31,0.46,0.54
2026-07-06T22:20:05Z,64349.87,0.46,0.54
2026-07-06T22:20:06Z,64349.86,0.46,0.54
2026-07-06T22:20:07Z,64349.86,0.46,0.54
2026-07-06T22:20:08Z,64349.99,0.46,0.54
2026-07-06T22:20:09Z,64350.00,0.46,0.54
2026-07-06T22:20:10Z,64350.00,0.46,0.54
2026-07-06T22:20:11Z,64350.00,0.46,0.54
2026-07-06T22:20:12Z,64350.00,0.46,0.54
2026-07-06T22:20:13Z,64350.00,0.46,0.54
2026-07-06T22:20:14Z,64349.99,0.46,0.54
2026-07-06T22:20:15Z,64348.00,0.42,0.57
2026-07-06T22:20:16Z,64348.00,0.42,0.57
2026-07-06T22:20:17Z,64348.00,0.41,0.58
2026-07-06T22:20:18Z,64342.76,0.41,0.58
2026-07-06T22:20:19Z,64342.75,0.41,0.58
2026-07-06T22:20:20Z,64342.75,0.41,0.58
2026-07-06T22:20:21Z,64342.75,0.41,0.58
2026-07-06T22:20:22Z,64342.75,0.41,0.58
2026-07-06T22:20:23Z,64342.75,0.41,0.58
2026-07-06T22:20:24Z,64342.75,0.40,0.60
2026-07-06T22:20:25Z,64342.74,0.40,0.60
2026-07-06T22:20:26Z,64340.38,0.40,0.60
2026-07-06T22:20:27Z,64340.38,0.40,0.60
2026-07-06T22:20:28Z,64340.38,0.40,0.60
2026-07-06T22:20:29Z,64340.38,0.40,0.60
2026-07-06T22:20:30Z,64334.45,0.40,0.60
2026-07-06T22:20:31Z,64334.45,0.38,0.62
2026-07-06T22:20:32Z,64334.45,0.38,0.62
2026-07-06T22:20:33Z,64334.45,0.38,0.62
2026-07-06T22:20:34Z,64334.44,0.38,0.62
2026-07-06T22:20:35Z,64334.45,0.38,0.62
2026-07-06T22:20:36Z,64334.45,0.38,0.62
2026-07-06T22:20:37Z,64334.45,0.38,0.62
2026-07-06T22:20:38Z,64334.45,0.38,0.62
2026-07-06T22:20:39Z,64334.44,0.38,0.62
2026-07-06T22:20:40Z,64334.44,0.38,0.62
2026-07-06T22:20:41Z,64334.45,0.38,0.62
2026-07-06T22:20:42Z,64334.45,0.38,0.62
2026-07-06T22:20:43Z,64334.45,0.38,0.62
2026-07-06T22:20:44Z,64334.45,0.38,0.62
2026-07-06T22:20:45Z,64334.45,0.39,0.61
2026-07-06T22:20:46Z,64340.97,0.40,0.60
2026-07-06T22:20:47Z,64342.75,0.40,0.60
2026-07-06T22:20:48Z,64342.75,0.40,0.60
2026-07-06T22:20:49Z,64342.75,0.40,0.60
2026-07-06T22:20:50Z,64342.75,0.40,0.60
2026-07-06T22:20:51Z,64342.74,0.40,0.60
2026-07-06T22:20:52Z,64342.74,0.40,0.60
2026-07-06T22:20:53Z,64342.74,0.40,0.60
2026-07-06T22:20:54Z,64342.74,0.40,0.60
2026-07-06T22:20:55Z,64342.75,0.40,0.60
2026-07-06T22:20:56Z,64342.74,0.40,0.60
2026-07-06T22:20:57Z,64342.75,0.40,0.60
2026-07-06T22:20:58Z,64342.75,0.40,0.60
2026-07-06T22:20:59Z,64342.75,0.40,0.60
2026-07-06T22:21:01Z,64342.74,0.40,0.60
2026-07-06T22:21:02Z,64342.75,0.40,0.60
2026-07-06T22:21:03Z,64336.00,0.39,0.61
2026-07-06T22:21:04Z,64336.00,0.37,0.63
2026-07-06T22:21:05Z,64328.86,0.34,0.66
2026-07-06T22:21:06Z,64328.85,0.34,0.66
2026-07-06T22:21:07Z,64325.71,0.34,0.67
2026-07-06T22:21:08Z,64325.70,0.34,0.67
2026-07-06T22:21:09Z,64325.70,0.34,0.67
2026-07-06T22:21:10Z,64325.70,0.34,0.67
2026-07-06T22:21:11Z,64317.63,0.34,0.67
2026-07-06T22:21:12Z,64317.63,0.34,0.67
2026-07-06T22:21:13Z,64317.63,0.34,0.67
2026-07-06T22:21:14Z,64317.63,0.34,0.67
2026-07-06T22:21:15Z,64317.63,0.34,0.67
2026-07-06T22:21:16Z,64317.64,0.34,0.67
2026-07-06T22:21:17Z,64317.64,0.34,0.67
2026-07-06T22:21:18Z,64317.64,0.34,0.67
2026-07-06T22:21:19Z,64317.63,0.34,0.67
2026-07-06T22:21:20Z,64317.63,0.34,0.67
2026-07-06T22:21:21Z,64317.63,0.34,0.67
2026-07-06T22:21:22Z,64317.63,0.34,0.67
2026-07-06T22:21:23Z,64317.63,0.34,0.67
2026-07-06T22:21:24Z,64317.63,0.34,0.67
2026-07-06T22:21:25Z,64317.63,0.34,0.67
2026-07-06T22:21:26Z,64317.64,0.34,0.67
2026-07-06T22:21:27Z,64317.64,0.34,0.67
2026-07-06T22:21:28Z,64317.64,0.34,0.67
2026-07-06T22:21:29Z,64317.64,0.34,0.67
2026-07-06T22:21:30Z,64317.63,0.33,0.68
2026-07-06T22:21:31Z,64317.64,0.32,0.69
2026-07-06T22:21:32Z,64317.63,0.30,0.69
2026-07-06T22:21:33Z,64317.63,0.29,0.70
2026-07-06T22:21:34Z,64317.64,0.29,0.70
2026-07-06T22:21:35Z,64317.64,0.29,0.70
2026-07-06T22:21:36Z,64317.63,0.29,0.70
2026-07-06T22:21:37Z,64317.64,0.29,0.70
2026-07-06T22:21:38Z,64317.64,0.29,0.70
2026-07-06T22:21:39Z,64344.00,0.34,0.66
2026-07-06T22:21:40Z,64343.99,0.40,0.60
2026-07-06T22:21:41Z,64344.00,0.41,0.59
2026-07-06T22:21:42Z,64343.99,0.41,0.59
2026-07-06T22:21:43Z,64343.99,0.41,0.59
2026-07-06T22:21:44Z,64343.99,0.41,0.59
2026-07-06T22:21:45Z,64343.99,0.41,0.59
2026-07-06T22:21:46Z,64343.99,0.41,0.59
2026-07-06T22:21:47Z,64344.00,0.41,0.59
2026-07-06T22:21:48Z,64344.00,0.41,0.58
2026-07-06T22:21:49Z,64346.00,0.42,0.57
2026-07-06T22:21:50Z,64362.00,0.47,0.53
2026-07-06T22:21:51Z,64361.99,0.47,0.53
2026-07-06T22:21:52Z,64362.00,0.47,0.53
2026-07-06T22:21:53Z,64362.00,0.47,0.53
2026-07-06T22:21:54Z,64361.99,0.47,0.53
2026-07-06T22:21:55Z,64362.00,0.47,0.53
2026-07-06T22:21:56Z,64362.00,0.47,0.53
2026-07-06T22:21:57Z,64362.00,0.47,0.53
2026-07-06T22:21:58Z,64362.00,0.47,0.53
2026-07-06T22:21:59Z,64361.99,0.47,0.53
2026-07-06T22:22:00Z,64361.99,0.47,0.53
2026-07-06T22:22:01Z,64362.00,0.47,0.53
2026-07-06T22:22:02Z,64362.00,0.47,0.53
2026-07-06T22:22:03Z,64362.00,0.46,0.54
2026-07-06T22:22:04Z,64356.01,0.45,0.56
2026-07-06T22:22:05Z,64356.01,0.45,0.56
2026-07-06T22:22:06Z,64356.01,0.45,0.56
2026-07-06T22:22:07Z,64356.01,0.41,0.58
2026-07-06T22:22:08Z,64350.01,0.41,0.58
2026-07-06T22:22:09Z,64347.31,0.41,0.58
2026-07-06T22:22:10Z,64350.01,0.45,0.55
2026-07-06T22:22:11Z,64350.01,0.46,0.55
2026-07-06T22:22:12Z,64350.01,0.46,0.55
2026-07-06T22:22:13Z,64350.00,0.46,0.55
2026-07-06T22:22:14Z,64350.00,0.46,0.55
2026-07-06T22:22:15Z,64350.01,0.46,0.55
2026-07-06T22:22:16Z,64350.01,0.46,0.55
2026-07-06T22:22:17Z,64350.01,0.46,0.55
2026-07-06T22:22:18Z,64350.01,0.46,0.55
2026-07-06T22:22:19Z,64350.01,0.46,0.55
2026-07-06T22:22:20Z,64350.01,0.43,0.56
2026-07-06T22:22:21Z,64339.02,0.42,0.58
2026-07-06T22:22:22Z,64339.02,0.39,0.61
2026-07-06T22:22:23Z,64332.10,0.39,0.61
2026-07-06T22:22:24Z,64332.10,0.39,0.61
2026-07-06T22:22:25Z,64332.11,0.39,0.61
2026-07-06T22:22:26Z,64332.10,0.38,0.62
2026-07-06T22:22:27Z,64332.11,0.36,0.64
2026-07-06T22:22:28Z,64332.11,0.36,0.64
2026-07-06T22:22:29Z,64332.11,0.36,0.64
2026-07-06T22:22:30Z,64332.10,0.36,0.64
2026-07-06T22:22:31Z,64332.11,0.35,0.65
2026-07-06T22:22:32Z,64330.01,0.34,0.67
2026-07-06T22:22:33Z,64330.01,0.34,0.67
2026-07-06T22:22:34Z,64328.01,0.34,0.67
2026-07-06T22:22:35Z,64328.00,0.34,0.67
2026-07-06T22:22:36Z,64326.00,0.34,0.67
2026-07-06T22:22:37Z,64326.00,0.34,0.67
2026-07-06T22:22:38Z,64326.00,0.34,0.67
2026-07-06T22:22:39Z,64326.00,0.34,0.67
2026-07-06T22:22:40Z,64326.00,0.34,0.67
2026-07-06T22:22:41Z,64326.00,0.34,0.67
2026-07-06T22:22:42Z,64326.00,0.34,0.67
2026-07-06T22:22:43Z,64326.00,0.34,0.67
2026-07-06T22:22:44Z,64326.01,0.34,0.67
2026-07-06T22:22:45Z,64326.00,0.34,0.67
2026-07-06T22:22:46Z,64324.98,0.34,0.67
2026-07-06T22:22:47Z,64324.98,0.34,0.67
2026-07-06T22:22:48Z,64324.98,0.34,0.67
2026-07-06T22:22:49Z,64324.97,0.33,0.68
2026-07-06T22:22:50Z,64324.98,0.33,0.68
2026-07-06T22:22:51Z,64324.98,0.33,0.68
2026-07-06T22:22:52Z,64324.97,0.33,0.68
2026-07-06T22:22:53Z,64324.97,0.33,0.68
2026-07-06T22:22:54Z,64324.98,0.33,0.68
2026-07-06T22:22:55Z,64324.00,0.29,0.71
2026-07-06T22:22:56Z,64314.01,0.26,0.74
2026-07-06T22:22:57Z,64310.29,0.26,0.74
2026-07-06T22:22:58Z,64310.29,0.26,0.74
2026-07-06T22:22:59Z,64310.29,0.26,0.74
2026-07-06T22:23:00Z,64310.28,0.26,0.74
2026-07-06T22:23:01Z,64313.50,0.29,0.71
2026-07-06T22:23:02Z,64313.50,0.29,0.71
2026-07-06T22:23:03Z,64313.51,0.29,0.71
2026-07-06T22:23:04Z,64310.29,0.27,0.73
2026-07-06T22:23:05Z,64310.29,0.27,0.73
2026-07-06T22:23:06Z,64310.29,0.27,0.73
2026-07-06T22:23:07Z,64310.29,0.27,0.73
2026-07-06T22:23:08Z,64310.28,0.27,0.73
2026-07-06T22:23:09Z,64310.28,0.27,0.73
2026-07-06T22:23:10Z,64310.28,0.27,0.73
2026-07-06T22:23:11Z,64310.28,0.27,0.73
2026-07-06T22:23:12Z,64310.29,0.27,0.73
2026-07-06T22:23:13Z,64310.28,0.27,0.73
2026-07-06T22:23:14Z,64310.28,0.27,0.73
2026-07-06T22:23:15Z,64310.29,0.27,0.73
2026-07-06T22:23:16Z,64310.29,0.27,0.73
2026-07-06T22:23:17Z,64310.29,0.27,0.73
2026-07-06T22:23:18Z,64310.28,0.27,0.73
2026-07-06T22:23:19Z,64310.28,0.27,0.73
2026-07-06T22:23:20Z,64310.28,0.26,0.74
2026-07-06T22:23:21Z,64310.29,0.26,0.74
2026-07-06T22:23:22Z,64310.29,0.26,0.74
2026-07-06T22:23:23Z,64310.28,0.26,0.74
2026-07-06T22:23:24Z,64310.28,0.26,0.74
2026-07-06T22:23:25Z,64310.28,0.26,0.74
2026-07-06T22:23:26Z,64310.28,0.26,0.74
2026-07-06T22:23:27Z,64310.28,0.26,0.74
2026-07-06T22:23:28Z,64310.29,0.26,0.74
2026-07-06T22:23:29Z,64310.28,0.26,0.74
2026-07-06T22:23:30Z,64310.29,0.26,0.74
2026-07-06T22:23:31Z,64310.29,0.26,0.74
2026-07-06T22:23:32Z,64310.29,0.26,0.74
2026-07-06T22:23:33Z,64310.28,0.26,0.74
2026-07-06T22:23:34Z,64310.29,0.26,0.74
2026-07-06T22:23:35Z,64310.29,0.26,0.74
2026-07-06T22:23:36Z,64310.29,0.26,0.74
2026-07-06T22:23:37Z,64310.28,0.26,0.74
2026-07-06T22:23:38Z,64310.28,0.26,0.74
2026-07-06T22:23:39Z,64303.84,0.24,0.76
2026-07-06T22:23:40Z,64303.84,0.24,0.76
2026-07-06T22:23:41Z,64303.85,0.23,0.78
2026-07-06T22:23:42Z,64303.84,0.23,0.78
2026-07-06T22:23:43Z,64303.84,0.21,0.79
2026-07-06T22:23:44Z,64303.84,0.21,0.80
2026-07-06T22:23:45Z,64303.84,0.21,0.79
2026-07-06T22:23:46Z,64303.85,0.21,0.79
2026-07-06T22:23:47Z,64303.85,0.21,0.79
2026-07-06T22:23:48Z,64303.85,0.21,0.80
2026-07-06T22:23:49Z,64303.85,0.21,0.80
2026-07-06T22:23:50Z,64303.85,0.21,0.80
2026-07-06T22:23:51Z,64303.85,0.21,0.80
2026-07-06T22:23:52Z,64303.85,0.21,0.80
2026-07-06T22:23:53Z,64303.85,0.21,0.80
2026-07-06T22:23:54Z,64303.84,0.21,0.80
2026-07-06T22:23:55Z,64303.84,0.20,0.81
2026-07-06T22:23:56Z,64293.80,0.20,0.81
2026-07-06T22:23:57Z,64293.80,0.18,0.81
2026-07-06T22:23:58Z,64293.80,0.18,0.81
2026-07-06T22:23:59Z,64293.80,0.18,0.81
2026-07-06T22:24:00Z,64293.80,0.18,0.81
2026-07-06T22:24:01Z,64293.80,0.18,0.81
2026-07-06T22:24:02Z,64293.80,0.18,0.81
2026-07-06T22:24:03Z,64293.80,0.21,0.79
2026-07-06T22:24:04Z,64303.24,0.21,0.79
2026-07-06T22:24:05Z,64303.24,0.21,0.79
2026-07-06T22:24:06Z,64303.24,0.21,0.79
2026-07-06T22:24:07Z,64303.24,0.21,0.79
2026-07-06T22:24:08Z,64303.24,0.21,0.79
2026-07-06T22:24:09Z,64303.24,0.21,0.79
2026-07-06T22:24:10Z,64303.23,0.21,0.79
2026-07-06T22:24:11Z,64303.23,0.21,0.79
2026-07-06T22:24:12Z,64303.23,0.18,0.81
2026-07-06T22:24:13Z,64286.92,0.14,0.86
2026-07-06T22:24:14Z,64286.91,0.14,0.86
2026-07-06T22:24:15Z,64286.91,0.14,0.86
2026-07-06T22:24:16Z,64286.91,0.14,0.86
2026-07-06T22:24:17Z,64286.01,0.14,0.86
2026-07-06T22:24:18Z,64286.01,0.14,0.86
2026-07-06T22:24:19Z,64286.00,0.14,0.86
2026-07-06T22:24:20Z,64286.00,0.12,0.88
2026-07-06T22:24:21Z,64286.01,0.15,0.85
2026-07-06T22:24:22Z,64286.01,0.15,0.85
2026-07-06T22:24:23Z,64286.00,0.15,0.85
2026-07-06T22:24:24Z,64286.01,0.15,0.84
2026-07-06T22:24:25Z,64286.00,0.15,0.85
2026-07-06T22:24:26Z,64286.00,0.15,0.85
2026-07-06T22:24:27Z,64286.00,0.15,0.85
2026-07-06T22:24:28Z,64286.01,0.15,0.85
2026-07-06T22:24:29Z,64286.01,0.14,0.86
2026-07-06T22:24:30Z,64286.01,0.14,0.86
2026-07-06T22:24:31Z,64286.01,0.14,0.86
2026-07-06T22:24:32Z,64286.00,0.14,0.86
2026-07-06T22:24:33Z,64286.01,0.14,0.86
2026-07-06T22:24:34Z,64286.00,0.50,0.50
2026-07-06T22:24:35Z,64286.00,0.12,0.88
2026-07-06T22:24:36Z,64286.00,0.12,0.88
2026-07-06T22:24:37Z,64286.01,0.12,0.88
2026-07-06T22:24:38Z,64286.01,0.12,0.88
2026-07-06T22:24:39Z,64280.25,0.12,0.88
2026-07-06T22:24:40Z,64280.67,0.12,0.88
2026-07-06T22:24:41Z,64280.67,0.12,0.88
2026-07-06T22:24:43Z,64283.89,0.12,0.88
2026-07-06T22:24:44Z,64283.90,0.12,0.88
2026-07-06T22:24:45Z,64283.90,0.12,0.88
2026-07-06T22:24:46Z,64283.89,0.12,0.88
2026-07-06T22:24:47Z,64283.89,0.11,0.89
2026-07-06T22:24:48Z,64283.90,0.11,0.89
2026-07-06T22:24:49Z,64283.89,0.11,0.89
2026-07-06T22:24:50Z,64283.89,0.11,0.89
2026-07-06T22:24:51Z,64283.89,0.11,0.89
2026-07-06T22:24:52Z,64283.89,0.11,0.89
2026-07-06T22:24:53Z,64283.90,0.11,0.89
2026-07-06T22:24:54Z,64283.90,0.11,0.89
2026-07-06T22:24:55Z,64283.90,0.11,0.89
2026-07-06T22:24:56Z,64283.90,0.11,0.89
2026-07-06T22:24:57Z,64283.90,0.11,0.89
2026-07-06T22:24:58Z,64283.90,0.11,0.89
2026-07-06T22:24:59Z,64283.89,0.11,0.89
2026-07-06T22:25:00Z,64283.89,0.11,0.89
2026-07-06T22:25:01Z,64283.89,0.11,0.89
2026-07-06T22:25:02Z,64283.89,0.11,0.89
2026-07-06T22:25:03Z,64283.89,0.11,0.90
2026-07-06T22:25:04Z,64283.90,0.11,0.90
2026-07-06T22:25:05Z,64283.89,0.10,0.91
2026-07-06T22:25:06Z,64277.33,0.08,0.92
2026-07-06T22:25:07Z,64277.33,0.08,0.92
2026-07-06T22:25:08Z,64277.33,0.08,0.92
2026-07-06T22:25:09Z,64277.32,0.08,0.92
2026-07-06T22:25:10Z,64277.32,0.08,0.92
2026-07-06T22:25:11Z,64277.33,0.08,0.92
2026-07-06T22:25:12Z,64277.32,0.08,0.92
2026-07-06T22:25:13Z,64277.32,0.08,0.92
2026-07-06T22:25:14Z,64277.32,0.08,0.92
2026-07-06T22:25:15Z,64277.32,0.08,0.92
2026-07-06T22:25:16Z,64277.32,0.08,0.92
2026-07-06T22:25:17Z,64270.52,0.08,0.92
2026-07-06T22:25:18Z,64273.69,0.08,0.92
2026-07-06T22:25:19Z,64273.69,0.08,0.92
2026-07-06T22:25:20Z,64273.69,0.08,0.92
2026-07-06T22:25:21Z,64273.69,0.08,0.93
2026-07-06T22:25:22Z,64273.69,0.08,0.93
2026-07-06T22:25:23Z,64280.00,0.08,0.92
2026-07-06T22:25:24Z,64280.00,0.10,0.91
2026-07-06T22:25:25Z,64279.99,0.10,0.91
2026-07-06T22:25:26Z,64280.00,0.10,0.91
2026-07-06T22:25:27Z,64280.00,0.10,0.91
2026-07-06T22:25:28Z,64279.99,0.11,0.90
2026-07-06T22:25:29Z,64279.99,0.11,0.90
2026-07-06T22:25:30Z,64279.99,0.11,0.90
2026-07-06T22:25:31Z,64279.99,0.11,0.90
2026-07-06T22:25:32Z,64288.00,0.12,0.88
2026-07-06T22:25:33Z,64291.99,0.12,0.88
2026-07-06T22:25:34Z,64291.99,0.11,0.89
2026-07-06T22:25:35Z,64292.00,0.11,0.89
2026-07-06T22:25:36Z,64292.00,0.11,0.89
2026-07-06T22:25:37Z,64292.00,0.11,0.89
2026-07-06T22:25:38Z,64291.99,0.11,0.89
2026-07-06T22:25:39Z,64291.99,0.11,0.89
2026-07-06T22:25:40Z,64291.99,0.11,0.90
2026-07-06T22:25:41Z,64291.99,0.11,0.90
2026-07-06T22:25:42Z,64291.99,0.11,0.90
2026-07-06T22:25:43Z,64291.99,0.10,0.91
2026-07-06T22:25:44Z,64291.99,0.08,0.92
2026-07-06T22:25:45Z,64284.00,0.08,0.92
2026-07-06T22:25:46Z,64284.00,0.08,0.92
2026-07-06T22:25:47Z,64284.00,0.08,0.92
2026-07-06T22:25:48Z,64284.00,0.08,0.92
2026-07-06T22:25:49Z,64284.00,0.08,0.92
2026-07-06T22:25:50Z,64284.00,0.08,0.92
2026-07-06T22:25:51Z,64284.01,0.08,0.92
2026-07-06T22:25:52Z,64284.01,0.08,0.92
2026-07-06T22:25:53Z,64284.01,0.08,0.92
2026-07-06T22:25:54Z,64284.01,0.08,0.92
2026-07-06T22:25:55Z,64284.01,0.08,0.93
2026-07-06T22:25:56Z,64284.00,0.08,0.93
2026-07-06T22:25:57Z,64284.00,0.08,0.93
2026-07-06T22:25:58Z,64284.01,0.08,0.93
2026-07-06T22:25:59Z,64284.00,0.08,0.93
2026-07-06T22:26:00Z,64284.00,0.08,0.93
2026-07-06T22:26:01Z,64287.99,0.11,0.90
2026-07-06T22:26:02Z,64287.99,0.10,0.91
2026-07-06T22:26:03Z,64287.99,0.10,0.91
2026-07-06T22:26:04Z,64288.00,0.10,0.91
2026-07-06T22:26:05Z,64288.00,0.10,0.91
2026-07-06T22:26:06Z,64288.00,0.08,0.93
2026-07-06T22:26:07Z,64287.99,0.08,0.93
2026-07-06T22:26:08Z,64288.00,0.07,0.94
2026-07-06T22:26:09Z,64287.99,0.07,0.94
2026-07-06T22:26:10Z,64287.99,0.07,0.94
2026-07-06T22:26:11Z,64287.99,0.08,0.93
2026-07-06T22:26:12Z,64287.99,0.08,0.93
2026-07-06T22:26:13Z,64287.99,0.08,0.93
2026-07-06T22:26:14Z,64287.99,0.08,0.93
2026-07-06T22:26:15Z,64287.99,0.07,0.94
2026-07-06T22:26:16Z,64279.36,0.07,0.94
2026-07-06T22:26:17Z,64279.25,0.07,0.94
2026-07-06T22:26:18Z,64280.10,0.07,0.94
2026-07-06T22:26:19Z,64280.10,0.08,0.93
2026-07-06T22:26:20Z,64280.09,0.07,0.94
2026-07-06T22:26:21Z,64280.09,0.07,0.94
2026-07-06T22:26:22Z,64280.10,0.06,0.94
2026-07-06T22:26:23Z,64280.09,0.06,0.94
2026-07-06T22:26:24Z,64280.09,0.06,0.94
2026-07-06T22:26:25Z,64280.09,0.06,0.94
2026-07-06T22:26:26Z,64280.10,0.06,0.94
2026-07-06T22:26:27Z,64280.10,0.04,0.95
2026-07-06T22:26:28Z,64280.10,0.04,0.95
2026-07-06T22:26:29Z,64280.09,0.04,0.95
2026-07-06T22:26:30Z,64280.09,0.04,0.95
2026-07-06T22:26:31Z,64280.10,0.04,0.95
2026-07-06T22:26:32Z,64280.10,0.04,0.95
2026-07-06T22:26:33Z,64280.09,0.04,0.95
2026-07-06T22:26:34Z,64279.26,0.04,0.95
2026-07-06T22:26:35Z,64279.26,0.04,0.95
2026-07-06T22:26:36Z,64278.89,0.04,0.95
2026-07-06T22:26:37Z,64278.88,0.04,0.95
2026-07-06T22:26:38Z,64278.61,0.04,0.95
2026-07-06T22:26:39Z,64278.61,0.04,0.96
2026-07-06T22:26:40Z,64278.61,0.04,0.96
2026-07-06T22:26:41Z,64278.61,0.04,0.96
2026-07-06T22:26:42Z,64278.60,0.04,0.96
2026-07-06T22:26:43Z,64278.60,0.04,0.96
2026-07-06T22:26:44Z,64278.60,0.04,0.96
2026-07-06T22:26:45Z,64278.61,0.04,0.96
2026-07-06T22:26:46Z,64278.61,0.04,0.96
2026-07-06T22:26:47Z,64278.61,0.03,0.97
2026-07-06T22:26:48Z,64277.09,0.03,0.97
2026-07-06T22:26:49Z,64273.67,0.03,0.97
2026-07-06T22:26:50Z,64273.46,0.03,0.97
2026-07-06T22:26:51Z,64273.46,0.03,0.97
2026-07-06T22:26:52Z,64273.45,0.03,0.97
2026-07-06T22:26:53Z,64273.46,0.04,0.96
2026-07-06T22:26:54Z,64273.46,0.04,0.96
2026-07-06T22:26:55Z,64273.46,0.04,0.96
2026-07-06T22:26:56Z,64273.46,0.04,0.96
2026-07-06T22:26:57Z,64273.46,0.03,0.97
2026-07-06T22:26:58Z,64273.46,0.03,0.97
2026-07-06T22:26:59Z,64273.45,0.03,0.97
2026-07-06T22:27:00Z,64273.46,0.03,0.97
2026-07-06T22:27:01Z,64273.46,0.03,0.97
2026-07-06T22:27:02Z,64273.46,0.03,0.97
2026-07-06T22:27:03Z,64273.45,0.03,0.97
2026-07-06T22:27:04Z,64273.45,0.03,0.97
2026-07-06T22:27:05Z,64273.45,0.03,0.97
2026-07-06T22:27:06Z,64269.96,0.50,0.50
2026-07-06T22:27:07Z,64269.96,0.03,0.97
2026-07-06T22:27:08Z,64269.97,0.03,0.97
2026-07-06T22:27:09Z,64269.96,0.03,0.97
2026-07-06T22:27:10Z,64269.96,0.03,0.97
2026-07-06T22:27:11Z,64269.96,0.03,0.97
2026-07-06T22:27:12Z,64269.96,0.03,0.97
2026-07-06T22:27:13Z,64269.97,0.03,0.97
2026-07-06T22:27:14Z,64269.96,0.03,0.97
2026-07-06T22:27:15Z,64269.96,0.03,0.97
2026-07-06T22:27:16Z,64269.96,0.03,0.97
2026-07-06T22:27:17Z,64269.96,0.01,0.98
2026-07-06T22:27:18Z,64269.97,0.01,0.98
2026-07-06T22:27:19Z,64270.00,0.01,0.98
2026-07-06T22:27:20Z,64270.00,0.01,0.99
2026-07-06T22:27:21Z,64269.96,0.01,0.98
2026-07-06T22:27:22Z,64269.96,0.01,0.99
2026-07-06T22:27:23Z,64246.00,0.01,0.99
2026-07-06T22:27:24Z,64242.26,0.01,0.99
2026-07-06T22:27:25Z,64242.26,0.01,0.99
2026-07-06T22:27:26Z,64242.25,0.01,0.99
2026-07-06T22:27:27Z,64242.25,0.01,0.98
2026-07-06T22:27:28Z,64242.25,0.01,0.99
2026-07-06T22:27:29Z,64242.26,0.01,0.99
2026-07-06T22:27:30Z,64242.26,0.01,0.99
2026-07-06T22:27:31Z,64237.99,0.01,0.99
2026-07-06T22:27:32Z,64230.72,0.01,0.99
2026-07-06T22:27:33Z,64222.00,0.01,0.99
2026-07-06T22:27:34Z,64222.01,0.01,0.99
2026-07-06T22:27:35Z,64222.01,0.01,0.99
2026-07-06T22:27:36Z,64214.00,0.01,0.99
2026-07-06T22:27:37Z,64212.43,0.01,0.99
2026-07-06T22:27:38Z,64212.36,0.01,0.99
2026-07-06T22:27:39Z,64211.50,0.01,0.99
2026-07-06T22:27:40Z,64211.50,0.01,0.99
2026-07-06T22:27:41Z,64203.51,0.01,0.99
2026-07-06T22:27:42Z,64200.01,0.01,0.99
2026-07-06T22:27:43Z,64207.99,0.01,0.99
2026-07-06T22:27:44Z,64216.00,0.01,0.99
2026-07-06T22:27:45Z,64216.00,0.01,0.99
2026-07-06T22:27:46Z,64218.00,0.01,0.99
2026-07-06T22:27:47Z,64217.99,0.01,0.99
2026-07-06T22:27:48Z,64217.99,0.01,0.99
2026-07-06T22:27:49Z,64224.00,0.01,0.99
2026-07-06T22:27:50Z,64224.00,0.01,0.99
2026-07-06T22:27:51Z,64224.00,0.01,0.99
2026-07-06T22:27:52Z,64224.00,0.01,0.99
2026-07-06T22:27:53Z,64224.00,0.01,0.99
2026-07-06T22:27:54Z,64224.00,0.01,0.99
2026-07-06T22:27:55Z,64224.00,0.01,0.99
2026-07-06T22:27:56Z,64223.99,0.01,0.99
2026-07-06T22:27:57Z,64223.99,0.01,0.99
2026-07-06T22:27:58Z,64223.99,0.00,1.00
2026-07-06T22:27:59Z,64224.00,0.00,1.00
2026-07-06T22:28:00Z,64224.00,0.01,0.99
2026-07-06T22:28:01Z,64223.99,0.01,0.99
2026-07-06T22:28:02Z,64223.99,0.00,1.00
2026-07-06T22:28:03Z,64223.99,0.00,1.00
2026-07-06T22:28:04Z,64224.00,0.00,1.00
2026-07-06T22:28:05Z,64224.00,0.00,1.00
2026-07-06T22:28:06Z,64223.99,0.00,1.00
2026-07-06T22:28:07Z,64223.99,0.00,1.00
2026-07-06T22:28:08Z,64216.01,0.00,1.00
2026-07-06T22:28:09Z,64216.01,0.00,1.00
2026-07-06T22:28:10Z,64216.01,0.00,1.00
2026-07-06T22:28:11Z,64216.01,0.00,1.00
2026-07-06T22:28:12Z,64216.00,0.00,1.00
2026-07-06T22:28:13Z,64216.01,0.00,1.00
2026-07-06T22:28:14Z,64216.01,0.00,1.00
2026-07-06T22:28:15Z,64216.01,0.00,1.00
2026-07-06T22:28:16Z,64216.00,0.00,1.00
2026-07-06T22:28:17Z,64216.00,0.00,1.00
2026-07-06T22:28:18Z,64216.00,0.00,1.00
2026-07-06T22:28:19Z,64216.00,0.00,1.00
2026-07-06T22:28:20Z,64216.01,0.00,1.00
2026-07-06T22:28:21Z,64216.01,0.00,1.00
2026-07-06T22:28:22Z,64216.01,0.00,1.00
2026-07-06T22:28:23Z,64216.00,0.00,1.00
2026-07-06T22:28:24Z,64216.00,0.00,1.00
2026-07-06T22:28:25Z,64216.01,0.00,1.00
2026-07-06T22:28:26Z,64216.01,0.00,1.00
2026-07-06T22:28:27Z,64216.01,0.00,1.00
2026-07-06T22:28:28Z,64216.00,0.00,1.00
2026-07-06T22:28:29Z,64217.99,0.00,1.00
2026-07-06T22:28:30Z,64217.99,0.00,1.00
2026-07-06T22:28:31Z,64217.99,0.00,1.00
2026-07-06T22:28:32Z,64217.99,0.00,1.00
2026-07-06T22:28:33Z,64217.99,0.00,1.00
2026-07-06T22:28:34Z,64238.00,0.00,1.00
2026-07-06T22:28:35Z,64237.99,0.00,1.00
2026-07-06T22:28:36Z,64237.99,0.00,1.00
2026-07-06T22:28:37Z,64237.99,0.00,1.00
2026-07-06T22:28:38Z,64237.99,0.00,1.00
2026-07-06T22:28:40Z,64238.00,0.00,1.00
2026-07-06T22:28:41Z,64237.58,0.00,1.00
2026-07-06T22:28:42Z,64227.42,0.00,1.00
2026-07-06T22:28:43Z,64224.00,0.00,1.00
2026-07-06T22:28:44Z,64224.00,0.00,1.00
2026-07-06T22:28:45Z,64224.00,0.00,1.00
2026-07-06T22:28:46Z,64224.01,0.00,1.00
2026-07-06T22:28:47Z,64220.01,0.00,1.00
2026-07-06T22:28:48Z,64216.91,0.00,1.00
2026-07-06T22:28:49Z,64216.91,0.00,1.00
2026-07-06T22:28:50Z,64216.91,0.00,1.00
2026-07-06T22:28:51Z,64216.91,0.00,1.00
2026-07-06T22:28:52Z,64216.90,0.00,1.00
2026-07-06T22:28:53Z,64215.84,0.00,1.00
2026-07-06T22:28:54Z,64215.84,0.00,1.00
2026-07-06T22:28:55Z,64215.83,0.00,1.00
2026-07-06T22:28:56Z,64210.82,0.00,1.00
2026-07-06T22:28:57Z,64210.82,0.00,1.00
2026-07-06T22:28:58Z,64210.82,0.00,1.00
2026-07-06T22:28:59Z,64210.82,0.00,1.00
2026-07-06T22:29:00Z,64210.83,0.00,1.00
2026-07-06T22:29:01Z,64210.01,0.00,1.00
2026-07-06T22:29:02Z,64207.50,0.00,1.00
2026-07-06T22:29:03Z,64209.42,0.00,1.00
2026-07-06T22:29:04Z,64209.42,0.00,1.00
2026-07-06T22:29:05Z,64209.42,0.00,1.00
2026-07-06T22:29:06Z,64221.00,0.00,1.00
2026-07-06T22:29:07Z,64220.99,0.00,1.00
2026-07-06T22:29:08Z,64220.99,0.00,1.00
2026-07-06T22:29:09Z,64221.99,0.00,1.00
2026-07-06T22:29:10Z,64223.99,0.00,1.00
2026-07-06T22:29:11Z,64224.00,0.00,1.00
2026-07-06T22:29:12Z,64224.00,0.00,1.00
2026-07-06T22:29:13Z,64224.00,0.00,1.00
2026-07-06T22:29:14Z,64223.99,0.00,1.00
2026-07-06T22:29:15Z,64223.99,0.00,1.00
2026-07-06T22:29:16Z,64223.99,0.00,1.00
2026-07-06T22:29:17Z,64223.99,0.00,1.00
2026-07-06T22:29:18Z,64223.99,0.00,1.00
2026-07-06T22:29:19Z,64223.99,0.00,1.00
2026-07-06T22:29:20Z,64223.99,0.00,1.00
2026-07-06T22:29:21Z,64223.99,0.00,1.00
2026-07-06T22:29:22Z,64224.00,0.00,1.00
2026-07-06T22:29:23Z,64224.00,0.00,1.00
2026-07-06T22:29:24Z,64223.99,0.00,1.00
2026-07-06T22:29:25Z,64223.99,0.00,1.00
2026-07-06T22:29:26Z,64223.99,0.00,1.00
2026-07-06T22:29:27Z,64224.00,0.00,1.00
2026-07-06T22:29:28Z,64224.00,0.00,1.00
2026-07-06T22:29:29Z,64216.07,0.00,1.00
2026-07-06T22:29:30Z,64216.07,0.00,1.00
2026-07-06T22:29:31Z,64216.08,0.00,1.00
2026-07-06T22:29:32Z,64216.07,0.00,1.00
2026-07-06T22:29:33Z,64216.07,0.00,1.00
2026-07-06T22:29:34Z,64216.07,0.00,1.00
2026-07-06T22:29:35Z,64216.07,0.00,1.00
2026-07-06T22:29:36Z,64216.07,0.00,1.00
2026-07-06T22:29:37Z,64216.08,0.00,1.00
2026-07-06T22:29:38Z,64216.08,0.00,1.00
2026-07-06T22:29:39Z,64216.07,0.00,1.00
2026-07-06T22:29:40Z,64216.08,0.00,1.00
2026-07-06T22:29:41Z,64216.08,0.00,1.00
2026-07-06T22:29:42Z,64216.08,0.00,1.00
2026-07-06T22:29:43Z,64216.08,0.00,1.00
2026-07-06T22:29:44Z,64216.08,0.00,1.00
2026-07-06T22:29:45Z,64216.08,0.00,1.00
2026-07-06T22:29:46Z,64216.07,0.00,1.00
2026-07-06T22:29:47Z,64219.99,0.00,1.00
2026-07-06T22:29:48Z,64219.99,0.00,1.00
2026-07-06T22:29:49Z,64220.00,0.00,1.00
2026-07-06T22:29:50Z,64220.00,0.00,1.00
2026-07-06T22:29:51Z,64220.00,0.00,1.00
2026-07-06T22:29:52Z,64220.00,0.00,1.00
2026-07-06T22:29:53Z,64220.00,0.00,1.00
2026-07-06T22:29:54Z,64219.99,0.00,1.00
2026-07-06T22:29:55Z,64219.99,0.00,1.00
2026-07-06T22:29:56Z,64220.00,0.00,1.00
2026-07-06T22:29:57Z,64220.00,0.00,1.00
2026-07-06T22:29:58Z,64220.00,0.00,1.00
2026-07-06T22:29:59Z,64220.00,0.00,1.00
2026-07-06T22:30:00Z,64220.00,0.00,1.00
2026-07-06T22:30:01Z,64219.99,0.00,1.00
2026-07-06T22:30:02Z,64219.99,0.00,1.00
